"Date","Price","Open","High","Low","Vol.","Change %"
"10/03/2024","1.3124","1.3262","1.3265","1.3092","","-1.08%"
"10/02/2024","1.3267","1.3285","1.3307","1.3245","","-0.14%"
"10/01/2024","1.3285","1.3375","1.3391","1.3236","","-0.64%"
"09/30/2024","1.3370","1.3369","1.3425","1.3349","","-0.02%"
"09/27/2024","1.3373","1.3415","1.3429","1.3359","","-0.31%"
"09/26/2024","1.3415","1.3324","1.3436","1.3311","","0.69%"
"09/25/2024","1.3323","1.3413","1.3431","1.3311","","-0.66%"
"09/24/2024","1.3412","1.3347","1.3418","1.3331","","0.49%"
"09/23/2024","1.3346","1.3320","1.3361","1.3247","","0.19%"
"09/20/2024","1.3321","1.3284","1.3342","1.3267","","0.28%"
"09/19/2024","1.3284","1.3213","1.3316","1.3152","","0.54%"
"09/18/2024","1.3212","1.3161","1.3299","1.3155","","0.40%"
"09/17/2024","1.3160","1.3216","1.3231","1.3145","","-0.42%"
"09/16/2024","1.3216","1.3124","1.3220","1.3120","","0.72%"
"09/13/2024","1.3122","1.3125","1.3159","1.3113","","-0.01%"
"09/12/2024","1.3123","1.3046","1.3129","1.3031","","0.61%"
"09/11/2024","1.3043","1.3080","1.3113","1.3001","","-0.28%"
"09/10/2024","1.3079","1.3074","1.3109","1.3048","","0.05%"
"09/09/2024","1.3072","1.3118","1.3145","1.3067","","-0.39%"
"09/06/2024","1.3123","1.3178","1.3240","1.3109","","-0.39%"
"09/05/2024","1.3175","1.3147","1.3187","1.3136","","0.25%"
"09/04/2024","1.3142","1.3113","1.3176","1.3099","","0.24%"
"09/03/2024","1.3111","1.3151","1.3151","1.3086","","-0.29%"
"09/02/2024","1.3149","1.3122","1.3157","1.3119","","0.18%"
"08/30/2024","1.3126","1.3166","1.3201","1.3108","","-0.32%"
"08/29/2024","1.3168","1.3191","1.3229","1.3144","","-0.17%"
"08/28/2024","1.3190","1.3259","1.3264","1.3167","","-0.49%"
"08/27/2024","1.3255","1.3190","1.3268","1.3179","","0.49%"
"08/26/2024","1.3190","1.3214","1.3226","1.3179","","-0.14%"
"08/23/2024","1.3209","1.3090","1.3232","1.3085","","0.92%"
"08/22/2024","1.3088","1.3093","1.3131","1.3075","","-0.03%"
"08/21/2024","1.3092","1.3033","1.3121","1.3010","","0.48%"
"08/20/2024","1.3029","1.2995","1.3054","1.2973","","0.32%"
"08/19/2024","1.2988","1.2936","1.2998","1.2932","","0.34%"
"08/16/2024","1.2944","1.2854","1.2947","1.2851","","0.72%"
"08/15/2024","1.2851","1.2827","1.2873","1.2798","","0.20%"
"08/14/2024","1.2825","1.2862","1.2870","1.2819","","-0.25%"
"08/13/2024","1.2857","1.2766","1.2874","1.2760","","0.73%"
"08/12/2024","1.2764","1.2757","1.2795","1.2746","","0.04%"
"08/09/2024","1.2759","1.2749","1.2775","1.2725","","0.09%"
"08/08/2024","1.2747","1.2691","1.2754","1.2664","","0.44%"
"08/07/2024","1.2691","1.2691","1.2737","1.2680","","0.02%"
"08/06/2024","1.2689","1.2778","1.2805","1.2672","","-0.66%"
"08/05/2024","1.2773","1.2808","1.2818","1.2708","","-0.20%"
"08/02/2024","1.2798","1.2749","1.2841","1.2706","","0.46%"
"08/01/2024","1.2739","1.2857","1.2865","1.2726","","-0.91%"
"07/31/2024","1.2856","1.2836","1.2866","1.2820","","0.17%"
"07/30/2024","1.2834","1.2862","1.2868","1.2819","","-0.19%"
"07/29/2024","1.2859","1.2874","1.2890","1.2805","","-0.10%"
"07/26/2024","1.2872","1.2852","1.2880","1.2849","","0.16%"
"07/25/2024","1.2851","1.2907","1.2917","1.2849","","-0.43%"
"07/24/2024","1.2906","1.2907","1.2939","1.2876","","0.01%"
"07/23/2024","1.2905","1.2934","1.2937","1.2887","","-0.21%"
"07/22/2024","1.2932","1.2912","1.2944","1.2904","","0.10%"
"07/19/2024","1.2919","1.2944","1.2955","1.2900","","-0.17%"
"07/18/2024","1.2941","1.3010","1.3015","1.2939","","-0.52%"
"07/17/2024","1.3008","1.2973","1.3046","1.2965","","0.33%"
"07/16/2024","1.2965","1.2967","1.2981","1.2937","","-0.01%"
"07/15/2024","1.2966","1.2994","1.2996","1.2959","","-0.20%"
"07/12/2024","1.2992","1.2911","1.2995","1.2901","","0.64%"
"07/11/2024","1.2909","1.2849","1.2950","1.2846","","0.50%"
"07/10/2024","1.2845","1.2787","1.2851","1.2782","","0.49%"
"07/09/2024","1.2783","1.2810","1.2827","1.2777","","-0.16%"
"07/08/2024","1.2804","1.2789","1.2847","1.2788","","-0.03%"
"07/05/2024","1.2808","1.2760","1.2819","1.2753","","0.40%"
"07/04/2024","1.2757","1.2742","1.2769","1.2740","","0.13%"
"07/03/2024","1.2740","1.2677","1.2779","1.2673","","0.44%"
"07/02/2024","1.2684","1.2647","1.2689","1.2614","","0.29%"
"07/01/2024","1.2647","1.2644","1.2710","1.2632","","0.04%"
"06/28/2024","1.2642","1.2639","1.2665","1.2619","","0.03%"
"06/27/2024","1.2638","1.2625","1.2672","1.2612","","0.14%"
"06/26/2024","1.2620","1.2686","1.2695","1.2614","","-0.50%"
"06/25/2024","1.2683","1.2681","1.2704","1.2669","","0.03%"
"06/24/2024","1.2679","1.2646","1.2700","1.2631","","0.27%"
"06/21/2024","1.2645","1.2658","1.2677","1.2622","","-0.08%"
"06/20/2024","1.2655","1.2719","1.2726","1.2653","","-0.49%"
"06/19/2024","1.2717","1.2708","1.2741","1.2697","","0.08%"
"06/18/2024","1.2707","1.2702","1.2722","1.2668","","0.03%"
"06/17/2024","1.2703","1.2686","1.2711","1.2658","","0.17%"
"06/14/2024","1.2682","1.2761","1.2765","1.2656","","-0.60%"
"06/13/2024","1.2759","1.2799","1.2809","1.2737","","-0.29%"
"06/12/2024","1.2796","1.2742","1.2862","1.2731","","0.44%"
"06/11/2024","1.2740","1.2731","1.2753","1.2705","","0.08%"
"06/10/2024","1.2730","1.2723","1.2739","1.2687","","0.07%"
"06/07/2024","1.2721","1.2790","1.2813","1.2715","","-0.52%"
"06/06/2024","1.2788","1.2787","1.2811","1.2761","","0.02%"
"06/05/2024","1.2785","1.2765","1.2796","1.2754","","0.17%"
"06/04/2024","1.2763","1.2807","1.2819","1.2742","","-0.32%"
"06/03/2024","1.2804","1.2732","1.2809","1.2694","","0.51%"
"05/31/2024","1.2739","1.2732","1.2767","1.2699","","0.07%"
"05/30/2024","1.2730","1.2701","1.2748","1.2680","","0.18%"
"05/29/2024","1.2707","1.2761","1.2778","1.2698","","-0.42%"
"05/28/2024","1.2760","1.2770","1.2802","1.2753","","-0.05%"
"05/27/2024","1.2767","1.2730","1.2779","1.2730","","0.21%"
"05/24/2024","1.2740","1.2692","1.2752","1.2678","","0.34%"
"05/23/2024","1.2697","1.2717","1.2748","1.2684","","-0.14%"
"05/22/2024","1.2715","1.2709","1.2763","1.2699","","0.06%"
"05/21/2024","1.2707","1.2706","1.2728","1.2686","","0.02%"
"05/20/2024","1.2704","1.2701","1.2727","1.2686","","0.04%"
"05/17/2024","1.2699","1.2672","1.2713","1.2644","","0.26%"
"05/16/2024","1.2666","1.2681","1.2702","1.2642","","-0.15%"
"05/15/2024","1.2685","1.2592","1.2688","1.2582","","0.77%"
"05/14/2024","1.2588","1.2559","1.2594","1.2508","","0.24%"
"05/13/2024","1.2558","1.2523","1.2570","1.2516","","0.30%"
"05/10/2024","1.2521","1.2524","1.2542","1.2501","","-0.01%"
"05/09/2024","1.2522","1.2491","1.2528","1.2445","","0.21%"
"05/08/2024","1.2496","1.2509","1.2522","1.2466","","-0.06%"
"05/07/2024","1.2504","1.2561","1.2572","1.2500","","-0.45%"
"05/06/2024","1.2561","1.2546","1.2596","1.2537","","0.14%"
"05/03/2024","1.2544","1.2535","1.2635","1.2521","","0.10%"
"05/02/2024","1.2531","1.2521","1.2546","1.2471","","0.05%"
"05/01/2024","1.2525","1.2494","1.2551","1.2465","","0.28%"
"04/30/2024","1.2490","1.2561","1.2566","1.2489","","-0.57%"
"04/29/2024","1.2561","1.2491","1.2571","1.2479","","0.58%"
"04/26/2024","1.2489","1.2520","1.2542","1.2448","","-0.19%"
"04/25/2024","1.2513","1.2464","1.2527","1.2449","","0.42%"
"04/24/2024","1.2461","1.2450","1.2471","1.2421","","0.10%"
"04/23/2024","1.2448","1.2349","1.2460","1.2330","","0.80%"
"04/22/2024","1.2349","1.2373","1.2394","1.2298","","-0.18%"
"04/19/2024","1.2371","1.2436","1.2470","1.2365","","-0.51%"
"04/18/2024","1.2435","1.2454","1.2486","1.2432","","-0.09%"
"04/17/2024","1.2446","1.2427","1.2483","1.2416","","0.18%"
"04/16/2024","1.2424","1.2441","1.2473","1.2405","","-0.16%"
"04/15/2024","1.2444","1.2451","1.2500","1.2435","","-0.05%"
"04/12/2024","1.2450","1.2553","1.2560","1.2425","","-0.80%"
"04/11/2024","1.2550","1.2535","1.2580","1.2510","","0.15%"
"04/10/2024","1.2531","1.2679","1.2709","1.2519","","-1.14%"
"04/09/2024","1.2676","1.2651","1.2711","1.2647","","0.19%"
"04/08/2024","1.2652","1.2638","1.2665","1.2612","","0.13%"
"04/05/2024","1.2636","1.2643","1.2650","1.2573","","-0.03%"
"04/04/2024","1.2640","1.2652","1.2685","1.2634","","-0.09%"
"04/03/2024","1.2651","1.2578","1.2657","1.2561","","0.59%"
"04/02/2024","1.2577","1.2551","1.2580","1.2538","","0.22%"
"04/01/2024","1.2550","1.2631","1.2644","1.2538","","-0.58%"
"03/29/2024","1.2623","1.2623","1.2647","1.2609","","0.01%"
"03/28/2024","1.2622","1.2640","1.2656","1.2585","","-0.13%"
"03/27/2024","1.2638","1.2628","1.2643","1.2604","","0.10%"
"03/26/2024","1.2625","1.2638","1.2669","1.2621","","-0.07%"
"03/25/2024","1.2634","1.2600","1.2654","1.2591","","0.26%"
"03/22/2024","1.2601","1.2658","1.2677","1.2574","","-0.43%"
"03/21/2024","1.2656","1.2786","1.2805","1.2649","","-1.00%"
"03/20/2024","1.2784","1.2722","1.2789","1.2683","","0.50%"
"03/19/2024","1.2720","1.2730","1.2734","1.2666","","-0.06%"
"03/18/2024","1.2727","1.2733","1.2748","1.2717","","-0.09%"
"03/15/2024","1.2739","1.2753","1.2760","1.2724","","-0.09%"
"03/14/2024","1.2751","1.2797","1.2824","1.2729","","-0.35%"
"03/13/2024","1.2796","1.2795","1.2813","1.2773","","0.04%"
"03/12/2024","1.2791","1.2814","1.2837","1.2745","","-0.16%"
"03/11/2024","1.2812","1.2865","1.2867","1.2794","","-0.35%"
"03/08/2024","1.2857","1.2811","1.2895","1.2800","","0.40%"
"03/07/2024","1.2806","1.2742","1.2812","1.2722","","0.60%"
"03/06/2024","1.2729","1.2706","1.2763","1.2689","","0.20%"
"03/05/2024","1.2703","1.2692","1.2736","1.2670","","0.10%"
"03/04/2024","1.2690","1.2656","1.2708","1.2650","","0.32%"
"03/01/2024","1.2650","1.2625","1.2665","1.2599","","0.21%"
"02/29/2024","1.2623","1.2662","1.2683","1.2611","","-0.30%"
"02/28/2024","1.2661","1.2684","1.2689","1.2620","","-0.17%"
"02/27/2024","1.2683","1.2685","1.2698","1.2659","","0.01%"
"02/26/2024","1.2682","1.2666","1.2701","1.2656","","0.02%"
"02/23/2024","1.2679","1.2659","1.2702","1.2648","","0.16%"
"02/22/2024","1.2659","1.2638","1.2711","1.2610","","0.20%"
"02/21/2024","1.2634","1.2622","1.2643","1.2601","","0.13%"
"02/20/2024","1.2618","1.2591","1.2670","1.2578","","0.20%"
"02/19/2024","1.2593","1.2603","1.2631","1.2582","","-0.04%"
"02/16/2024","1.2598","1.2600","1.2626","1.2550","","-0.02%"
"02/15/2024","1.2600","1.2565","1.2603","1.2541","","0.28%"
"02/14/2024","1.2565","1.2590","1.2613","1.2534","","-0.19%"
"02/13/2024","1.2589","1.2630","1.2685","1.2572","","-0.29%"
"02/12/2024","1.2626","1.2625","1.2656","1.2605","","0.06%"
"02/09/2024","1.2619","1.2622","1.2644","1.2598","","0.02%"
"02/08/2024","1.2616","1.2626","1.2640","1.2571","","-0.07%"
"02/07/2024","1.2625","1.2598","1.2643","1.2591","","0.22%"
"02/06/2024","1.2597","1.2536","1.2605","1.2529","","0.52%"
"02/05/2024","1.2532","1.2633","1.2644","1.2517","","-0.78%"
"02/02/2024","1.2630","1.2744","1.2774","1.2613","","-0.88%"
"02/01/2024","1.2742","1.2687","1.2757","1.2624","","0.45%"
"01/31/2024","1.2685","1.2699","1.2752","1.2657","","-0.09%"
"01/30/2024","1.2697","1.2710","1.2723","1.2639","","-0.08%"
"01/29/2024","1.2707","1.2697","1.2720","1.2661","","0.04%"
"01/26/2024","1.2702","1.2710","1.2759","1.2674","","-0.05%"
"01/25/2024","1.2708","1.2721","1.2744","1.2680","","-0.12%"
"01/24/2024","1.2723","1.2688","1.2776","1.2677","","0.28%"
"01/23/2024","1.2687","1.2709","1.2749","1.2648","","-0.15%"
"01/22/2024","1.2706","1.2692","1.2734","1.2686","","0.05%"
"01/19/2024","1.2700","1.2706","1.2716","1.2660","","-0.04%"
"01/18/2024","1.2705","1.2677","1.2710","1.2647","","0.26%"
"01/17/2024","1.2672","1.2633","1.2698","1.2595","","0.28%"
"01/16/2024","1.2636","1.2733","1.2738","1.2618","","-0.70%"
"01/15/2024","1.2725","1.2749","1.2767","1.2712","","-0.20%"
"01/12/2024","1.2751","1.2759","1.2787","1.2718","","-0.07%"
"01/11/2024","1.2760","1.2742","1.2776","1.2689","","0.16%"
"01/10/2024","1.2739","1.2709","1.2746","1.2685","","0.27%"
"01/09/2024","1.2705","1.2749","1.2766","1.2688","","-0.33%"
"01/08/2024","1.2747","1.2721","1.2768","1.2672","","0.24%"
"01/05/2024","1.2716","1.2682","1.2772","1.2610","","0.29%"
"01/04/2024","1.2679","1.2665","1.2731","1.2656","","0.13%"
"01/03/2024","1.2662","1.2618","1.2678","1.2614","","0.38%"
"01/02/2024","1.2614","1.2730","1.2761","1.2609","","-0.86%"
"01/01/2024","1.2723","1.2731","1.2751","1.2713","","-0.05%"
"12/29/2023","1.2729","1.2731","1.2774","1.2699","","-0.01%"
"12/28/2023","1.2730","1.2797","1.2829","1.2711","","-0.50%"
"12/27/2023","1.2794","1.2719","1.2804","1.2697","","0.53%"
"12/26/2023","1.2726","1.2693","1.2732","1.2683","","0.29%"
"12/25/2023","1.2689","1.2709","1.2728","1.2682","","-0.09%"
"12/22/2023","1.2700","1.2687","1.2746","1.2672","","0.09%"
"12/21/2023","1.2688","1.2639","1.2697","1.2611","","0.40%"
"12/20/2023","1.2637","1.2731","1.2737","1.2624","","-0.73%"
"12/19/2023","1.2730","1.2645","1.2763","1.2639","","0.70%"
"12/18/2023","1.2642","1.2679","1.2706","1.2628","","-0.26%"
"12/15/2023","1.2675","1.2765","1.2792","1.2667","","-0.71%"
"12/14/2023","1.2766","1.2617","1.2796","1.2611","","1.17%"
"12/13/2023","1.2618","1.2563","1.2636","1.2499","","0.45%"
"12/12/2023","1.2561","1.2556","1.2616","1.2513","","0.06%"
"12/11/2023","1.2553","1.2543","1.2592","1.2531","","0.06%"
"12/08/2023","1.2546","1.2594","1.2603","1.2501","","-0.35%"
"12/07/2023","1.2590","1.2560","1.2614","1.2543","","0.25%"
"12/06/2023","1.2559","1.2601","1.2615","1.2550","","-0.27%"
"12/05/2023","1.2593","1.2629","1.2653","1.2576","","-0.31%"
"12/04/2023","1.2632","1.2714","1.2727","1.2603","","-0.54%"
"12/01/2023","1.2700","1.2623","1.2718","1.2613","","0.62%"
"11/30/2023","1.2622","1.2697","1.2711","1.2602","","-0.57%"
"11/29/2023","1.2694","1.2698","1.2735","1.2664","","0.01%"
"11/28/2023","1.2693","1.2628","1.2716","1.2606","","0.54%"
"11/27/2023","1.2625","1.2595","1.2646","1.2590","","0.17%"
"11/24/2023","1.2603","1.2532","1.2617","1.2523","","0.56%"
"11/23/2023","1.2533","1.2491","1.2564","1.2487","","0.33%"
"11/22/2023","1.2492","1.2539","1.2551","1.2448","","-0.36%"
"11/21/2023","1.2537","1.2507","1.2561","1.2499","","0.26%"
"11/20/2023","1.2504","1.2456","1.2519","1.2445","","0.35%"
"11/17/2023","1.2461","1.2415","1.2466","1.2373","","0.44%"
"11/16/2023","1.2406","1.2416","1.2457","1.2375","","-0.10%"
"11/15/2023","1.2418","1.2500","1.2502","1.2403","","-0.63%"
"11/14/2023","1.2497","1.2279","1.2507","1.2263","","1.78%"
"11/13/2023","1.2278","1.2219","1.2282","1.2212","","0.46%"
"11/10/2023","1.2222","1.2224","1.2239","1.2186","","0.01%"
"11/09/2023","1.2221","1.2285","1.2310","1.2212","","-0.50%"
"11/08/2023","1.2282","1.2299","1.2306","1.2240","","-0.14%"
"11/07/2023","1.2299","1.2344","1.2352","1.2261","","-0.34%"
"11/06/2023","1.2341","1.2371","1.2430","1.2337","","-0.28%"
"11/03/2023","1.2376","1.2199","1.2391","1.2183","","1.43%"
"11/02/2023","1.2201","1.2152","1.2227","1.2137","","0.42%"
"11/01/2023","1.2150","1.2155","1.2166","1.2095","","-0.02%"
"10/31/2023","1.2152","1.2170","1.2202","1.2119","","-0.13%"
"10/30/2023","1.2168","1.2118","1.2176","1.2090","","0.38%"
"10/27/2023","1.2122","1.2128","1.2163","1.2105","","-0.03%"
"10/26/2023","1.2126","1.2113","1.2141","1.2069","","0.15%"
"10/25/2023","1.2108","1.2166","1.2177","1.2106","","-0.42%"
"10/24/2023","1.2159","1.2248","1.2290","1.2153","","-0.73%"
"10/23/2023","1.2248","1.2160","1.2260","1.2142","","0.72%"
"10/20/2023","1.2160","1.2144","1.2172","1.2092","","0.14%"
"10/19/2023","1.2143","1.2141","1.2192","1.2090","","0.02%"
"10/18/2023","1.2140","1.2183","1.2213","1.2136","","-0.31%"
"10/17/2023","1.2178","1.2218","1.2219","1.2133","","-0.31%"
"10/16/2023","1.2216","1.2138","1.2220","1.2134","","0.62%"
"10/13/2023","1.2141","1.2183","1.2227","1.2121","","-0.26%"
"10/12/2023","1.2173","1.2313","1.2333","1.2171","","-1.12%"
"10/11/2023","1.2311","1.2286","1.2339","1.2268","","0.21%"
"10/10/2023","1.2285","1.2239","1.2293","1.2211","","0.40%"
"10/09/2023","1.2236","1.2227","1.2245","1.2162","","-0.02%"
"10/06/2023","1.2238","1.2192","1.2263","1.2105","","0.39%"
"10/05/2023","1.2190","1.2136","1.2197","1.2107","","0.51%"
"10/04/2023","1.2128","1.2074","1.2178","1.2036","","0.44%"
"10/03/2023","1.2075","1.2092","1.2103","1.2052","","-0.09%"
"10/02/2023","1.2086","1.2201","1.2221","1.2086","","-0.91%"
"09/29/2023","1.2197","1.2200","1.2273","1.2179","","0.00%"
"09/28/2023","1.2197","1.2135","1.2226","1.2119","","0.52%"
"09/27/2023","1.2134","1.2169","1.2169","1.2110","","-0.19%"
"09/26/2023","1.2157","1.2209","1.2217","1.2151","","-0.44%"
"09/25/2023","1.2211","1.2246","1.2251","1.2193","","-0.22%"
"09/22/2023","1.2238","1.2301","1.2301","1.2230","","-0.46%"
"09/21/2023","1.2294","1.2349","1.2356","1.2236","","-0.41%"
"09/20/2023","1.2344","1.2392","1.2422","1.2332","","-0.37%"
"09/19/2023","1.2390","1.2385","1.2426","1.2370","","0.06%"
"09/18/2023","1.2382","1.2385","1.2412","1.2370","","-0.06%"
"09/15/2023","1.2389","1.2410","1.2447","1.2378","","-0.16%"
"09/14/2023","1.2409","1.2486","1.2507","1.2395","","-0.63%"
"09/13/2023","1.2488","1.2486","1.2513","1.2434","","0.03%"
"09/12/2023","1.2484","1.2508","1.2532","1.2458","","-0.20%"
"09/11/2023","1.2509","1.2483","1.2549","1.2471","","0.36%"
"09/08/2023","1.2464","1.2474","1.2515","1.2450","","-0.07%"
"09/07/2023","1.2473","1.2507","1.2511","1.2445","","-0.26%"
"09/06/2023","1.2505","1.2565","1.2589","1.2482","","-0.46%"
"09/05/2023","1.2563","1.2621","1.2632","1.2528","","-0.46%"
"09/04/2023","1.2621","1.2588","1.2644","1.2584","","0.26%"
"09/01/2023","1.2588","1.2674","1.2714","1.2577","","-0.67%"
"08/31/2023","1.2673","1.2721","1.2736","1.2651","","-0.35%"
"08/30/2023","1.2718","1.2644","1.2747","1.2618","","0.63%"
"08/29/2023","1.2638","1.2604","1.2656","1.2562","","0.28%"
"08/28/2023","1.2603","1.2578","1.2612","1.2565","","0.21%"
"08/25/2023","1.2577","1.2601","1.2655","1.2548","","-0.17%"
"08/24/2023","1.2599","1.2731","1.2731","1.2591","","-1.00%"
"08/23/2023","1.2726","1.2733","1.2766","1.2615","","-0.03%"
"08/22/2023","1.2730","1.2757","1.2802","1.2717","","-0.19%"
"08/21/2023","1.2754","1.2733","1.2767","1.2709","","0.19%"
"08/18/2023","1.2730","1.2745","1.2767","1.2688","","-0.12%"
"08/17/2023","1.2745","1.2729","1.2788","1.2702","","0.14%"
"08/16/2023","1.2727","1.2707","1.2768","1.2687","","0.19%"
"08/15/2023","1.2703","1.2690","1.2753","1.2674","","0.18%"
"08/14/2023","1.2680","1.2688","1.2716","1.2615","","-0.11%"
"08/11/2023","1.2694","1.2678","1.2740","1.2665","","0.15%"
"08/10/2023","1.2675","1.2718","1.2819","1.2669","","-0.34%"
"08/09/2023","1.2718","1.2746","1.2783","1.2711","","-0.22%"
"08/08/2023","1.2746","1.2785","1.2788","1.2684","","-0.30%"
"08/07/2023","1.2784","1.2753","1.2790","1.2713","","0.28%"
"08/04/2023","1.2748","1.2714","1.2794","1.2688","","0.28%"
"08/03/2023","1.2713","1.2711","1.2729","1.2622","","0.03%"
"08/02/2023","1.2709","1.2777","1.2807","1.2680","","-0.53%"
"08/01/2023","1.2777","1.2838","1.2843","1.2740","","-0.47%"
"07/31/2023","1.2837","1.2849","1.2874","1.2828","","-0.10%"
"07/28/2023","1.2850","1.2797","1.2888","1.2763","","0.45%"
"07/27/2023","1.2793","1.2939","1.2997","1.2781","","-1.13%"
"07/26/2023","1.2939","1.2898","1.2961","1.2875","","0.30%"
"07/25/2023","1.2900","1.2829","1.2905","1.2809","","0.53%"
"07/24/2023","1.2832","1.2859","1.2885","1.2797","","-0.18%"
"07/21/2023","1.2855","1.2867","1.2905","1.2816","","-0.08%"
"07/20/2023","1.2865","1.2938","1.2966","1.2839","","-0.56%"
"07/19/2023","1.2937","1.3042","1.3046","1.2868","","-0.74%"
"07/18/2023","1.3034","1.3078","1.3127","1.3028","","-0.28%"
"07/17/2023","1.3071","1.3088","1.3110","1.3051","","-0.11%"
"07/14/2023","1.3086","1.3132","1.3146","1.3087","","-0.36%"
"07/13/2023","1.3133","1.2984","1.3141","1.2981","","1.13%"
"07/12/2023","1.2986","1.2932","1.3002","1.2903","","0.42%"
"07/11/2023","1.2932","1.2857","1.2936","1.2854","","0.57%"
"07/10/2023","1.2859","1.2835","1.2869","1.2750","","0.18%"
"07/07/2023","1.2836","1.2737","1.2851","1.2725","","0.75%"
"07/06/2023","1.2740","1.2698","1.2782","1.2673","","0.28%"
"07/05/2023","1.2704","1.2713","1.2737","1.2687","","-0.06%"
"07/04/2023","1.2712","1.2694","1.2740","1.2682","","0.17%"
"07/03/2023","1.2691","1.2687","1.2725","1.2658","","-0.10%"
"06/30/2023","1.2704","1.2619","1.2729","1.2599","","0.73%"
"06/29/2023","1.2612","1.2635","1.2667","1.2591","","-0.22%"
"06/28/2023","1.2640","1.2753","1.2754","1.2607","","-0.83%"
"06/27/2023","1.2746","1.2716","1.2761","1.2702","","0.27%"
"06/26/2023","1.2712","1.2711","1.2750","1.2687","","0.01%"
"06/23/2023","1.2711","1.2743","1.2756","1.2686","","-0.27%"
"06/22/2023","1.2746","1.2771","1.2839","1.2724","","-0.18%"
"06/21/2023","1.2769","1.2764","1.2803","1.2691","","0.06%"
"06/20/2023","1.2761","1.2792","1.2808","1.2714","","-0.23%"
"06/19/2023","1.2790","1.2819","1.2838","1.2770","","-0.21%"
"06/16/2023","1.2817","1.2781","1.2850","1.2767","","0.28%"
"06/15/2023","1.2781","1.2666","1.2787","1.2629","","0.95%"
"06/14/2023","1.2661","1.2612","1.2700","1.2601","","0.39%"
"06/13/2023","1.2612","1.2505","1.2626","1.2500","","0.81%"
"06/12/2023","1.2511","1.2572","1.2601","1.2486","","-0.46%"
"06/09/2023","1.2569","1.2557","1.2592","1.2534","","0.13%"
"06/08/2023","1.2553","1.2436","1.2563","1.2433","","0.96%"
"06/07/2023","1.2434","1.2427","1.2501","1.2394","","0.08%"
"06/06/2023","1.2424","1.2431","1.2460","1.2391","","-0.10%"
"06/05/2023","1.2437","1.2458","1.2458","1.2368","","-0.09%"
"06/02/2023","1.2448","1.2527","1.2545","1.2441","","-0.61%"
"06/01/2023","1.2525","1.2440","1.2541","1.2400","","0.71%"
"05/31/2023","1.2437","1.2415","1.2445","1.2347","","0.19%"
"05/30/2023","1.2413","1.2354","1.2448","1.2327","","0.50%"
"05/29/2023","1.2351","1.2344","1.2373","1.2335","","0.06%"
"05/26/2023","1.2343","1.2325","1.2397","1.2311","","0.18%"
"05/25/2023","1.2321","1.2364","1.2388","1.2307","","-0.35%"
"05/24/2023","1.2364","1.2414","1.2471","1.2357","","-0.37%"
"05/23/2023","1.2410","1.2440","1.2448","1.2372","","-0.22%"
"05/22/2023","1.2437","1.2449","1.2473","1.2414","","-0.06%"
"05/19/2023","1.2444","1.2409","1.2485","1.2392","","0.29%"
"05/18/2023","1.2408","1.2488","1.2494","1.2391","","-0.62%"
"05/17/2023","1.2486","1.2489","1.2512","1.2421","","0.01%"
"05/16/2023","1.2485","1.2523","1.2548","1.2465","","-0.34%"
"05/15/2023","1.2527","1.2456","1.2536","1.2443","","0.56%"
"05/12/2023","1.2457","1.2514","1.2542","1.2444","","-0.42%"
"05/11/2023","1.2509","1.2625","1.2642","1.2496","","-0.91%"
"05/10/2023","1.2624","1.2621","1.2680","1.2601","","0.04%"
"05/09/2023","1.2619","1.2618","1.2641","1.2578","","0.02%"
"05/08/2023","1.2617","1.2641","1.2670","1.2613","","-0.19%"
"05/05/2023","1.2641","1.2571","1.2653","1.2559","","0.55%"
"05/04/2023","1.2572","1.2556","1.2600","1.2548","","0.06%"
"05/03/2023","1.2564","1.2463","1.2591","1.2463","","0.80%"
"05/02/2023","1.2464","1.2497","1.2514","1.2435","","-0.26%"
"05/01/2023","1.2496","1.2566","1.2572","1.2479","","-0.60%"
"04/28/2023","1.2572","1.2498","1.2585","1.2445","","0.68%"
"04/27/2023","1.2487","1.2466","1.2501","1.2436","","0.16%"
"04/26/2023","1.2467","1.2408","1.2516","1.2402","","0.48%"
"04/25/2023","1.2408","1.2480","1.2508","1.2386","","-0.59%"
"04/24/2023","1.2482","1.2439","1.2487","1.2409","","0.42%"
"04/21/2023","1.2430","1.2435","1.2449","1.2366","","-0.10%"
"04/20/2023","1.2443","1.2443","1.2469","1.2405","","0.04%"
"04/19/2023","1.2438","1.2428","1.2476","1.2392","","0.11%"
"04/18/2023","1.2424","1.2373","1.2450","1.2368","","0.40%"
"04/17/2023","1.2374","1.2414","1.2440","1.2352","","-0.31%"
"04/14/2023","1.2413","1.2525","1.2548","1.2399","","-0.85%"
"04/13/2023","1.2520","1.2485","1.2538","1.2478","","0.31%"
"04/12/2023","1.2481","1.2426","1.2496","1.2398","","0.46%"
"04/11/2023","1.2424","1.2383","1.2457","1.2379","","0.35%"
"04/10/2023","1.2381","1.2423","1.2444","1.2344","","-0.26%"
"04/07/2023","1.2413","1.2441","1.2457","1.2390","","-0.21%"
"04/06/2023","1.2439","1.2462","1.2490","1.2412","","-0.14%"
"04/05/2023","1.2457","1.2502","1.2515","1.2433","","-0.34%"
"04/04/2023","1.2499","1.2415","1.2527","1.2394","","0.71%"
"04/03/2023","1.2411","1.2329","1.2424","1.2274","","0.63%"
"03/31/2023","1.2333","1.2385","1.2424","1.2325","","-0.40%"
"03/30/2023","1.2383","1.2313","1.2394","1.2293","","0.58%"
"03/29/2023","1.2311","1.2343","1.2363","1.2303","","-0.24%"
"03/28/2023","1.2340","1.2284","1.2350","1.2280","","0.46%"
"03/27/2023","1.2284","1.2229","1.2295","1.2218","","0.44%"
"03/24/2023","1.2230","1.2290","1.2294","1.2190","","-0.45%"
"03/23/2023","1.2285","1.2268","1.2344","1.2261","","0.17%"
"03/22/2023","1.2264","1.2215","1.2336","1.2207","","0.41%"
"03/21/2023","1.2214","1.2278","1.2284","1.2178","","-0.51%"
"03/20/2023","1.2276","1.2207","1.2286","1.2167","","0.83%"
"03/17/2023","1.2175","1.2110","1.2202","1.2099","","0.56%"
"03/16/2023","1.2107","1.2068","1.2129","1.2027","","0.35%"
"03/15/2023","1.2065","1.2160","1.2183","1.2010","","-0.76%"
"03/14/2023","1.2158","1.2184","1.2205","1.2135","","-0.19%"
"03/13/2023","1.2181","1.2040","1.2201","1.2040","","1.27%"
"03/10/2023","1.2028","1.1926","1.2114","1.1908","","0.86%"
"03/09/2023","1.1925","1.1845","1.1940","1.1831","","0.70%"
"03/08/2023","1.1842","1.1837","1.1860","1.1803","","0.13%"
"03/07/2023","1.1827","1.2025","1.2067","1.1821","","-1.61%"
"03/06/2023","1.2021","1.2038","1.2050","1.1992","","-0.16%"
"03/03/2023","1.2040","1.1943","1.2049","1.1939","","0.83%"
"03/02/2023","1.1941","1.2031","1.2038","1.1924","","-0.75%"
"03/01/2023","1.2031","1.2021","1.2090","1.1964","","0.09%"
"02/28/2023","1.2020","1.2065","1.2145","1.2018","","-0.35%"
"02/27/2023","1.2062","1.1957","1.2067","1.1922","","0.99%"
"02/24/2023","1.1944","1.2012","1.2042","1.1928","","-0.57%"
"02/23/2023","1.2013","1.2055","1.2076","1.1991","","-0.26%"
"02/22/2023","1.2044","1.2115","1.2136","1.2034","","-0.59%"
"02/21/2023","1.2115","1.2040","1.2148","1.1985","","0.64%"
"02/20/2023","1.2038","1.2050","1.2059","1.2014","","0.02%"
"02/17/2023","1.2035","1.1998","1.2053","1.1914","","0.35%"
"02/16/2023","1.1993","1.2028","1.2076","1.1964","","-0.27%"
"02/15/2023","1.2026","1.2172","1.2183","1.1990","","-1.18%"
"02/14/2023","1.2170","1.2137","1.2270","1.2117","","0.29%"
"02/13/2023","1.2135","1.2070","1.2153","1.2030","","0.64%"
"02/10/2023","1.2058","1.2124","1.2141","1.2047","","-0.53%"
"02/09/2023","1.2122","1.2072","1.2195","1.2056","","0.42%"
"02/08/2023","1.2071","1.2046","1.2111","1.2036","","0.24%"
"02/07/2023","1.2042","1.2024","1.2097","1.1960","","0.22%"
"02/06/2023","1.2016","1.2042","1.2079","1.2004","","-0.29%"
"02/03/2023","1.2051","1.2225","1.2267","1.2047","","-1.41%"
"02/02/2023","1.2223","1.2378","1.2401","1.2221","","-1.24%"
"02/01/2023","1.2376","1.2319","1.2395","1.2272","","0.45%"
"01/31/2023","1.2320","1.2351","1.2372","1.2283","","-0.26%"
"01/30/2023","1.2352","1.2399","1.2419","1.2336","","-0.36%"
"01/27/2023","1.2397","1.2407","1.2421","1.2344","","-0.07%"
"01/26/2023","1.2406","1.2401","1.2432","1.2344","","0.05%"
"01/25/2023","1.2400","1.2334","1.2406","1.2282","","0.58%"
"01/24/2023","1.2328","1.2378","1.2415","1.2262","","-0.36%"
"01/23/2023","1.2373","1.2404","1.2450","1.2322","","-0.16%"
"01/20/2023","1.2393","1.2391","1.2406","1.2334","","0.03%"
"01/19/2023","1.2389","1.2351","1.2399","1.2312","","0.35%"
"01/18/2023","1.2346","1.2290","1.2437","1.2254","","0.47%"
"01/17/2023","1.2288","1.2201","1.2301","1.2169","","0.80%"
"01/16/2023","1.2191","1.2216","1.2291","1.2170","","-0.29%"
"01/13/2023","1.2226","1.2210","1.2250","1.2149","","0.21%"
"01/12/2023","1.2200","1.2146","1.2249","1.2087","","0.48%"
"01/11/2023","1.2142","1.2155","1.2180","1.2099","","-0.11%"
"01/10/2023","1.2155","1.2190","1.2199","1.2109","","-0.23%"
"01/09/2023","1.2183","1.2094","1.2212","1.2087","","0.75%"
"01/06/2023","1.2092","1.1914","1.2101","1.1840","","1.56%"
"01/05/2023","1.1906","1.2053","1.2079","1.1873","","-1.22%"
"01/04/2023","1.2053","1.1968","1.2089","1.1954","","0.73%"
"01/03/2023","1.1966","1.2046","1.2086","1.1899","","-0.66%"
"01/02/2023","1.2045","1.2098","1.2100","1.2034","","-0.43%"
"12/30/2022","1.2097","1.2064","1.2109","1.2010","","0.37%"
"12/29/2022","1.2052","1.2016","1.2080","1.2013","","0.32%"
"12/28/2022","1.2013","1.2027","1.2126","1.2001","","-0.07%"
"12/27/2022","1.2021","1.2063","1.2114","1.2001","","-0.32%"
"12/26/2022","1.2060","1.2044","1.2083","1.2044","","0.02%"
"12/23/2022","1.2058","1.2044","1.2092","1.2018","","0.12%"
"12/22/2022","1.2043","1.2078","1.2149","1.1992","","-0.33%"
"12/21/2022","1.2083","1.2183","1.2194","1.2054","","-0.80%"
"12/20/2022","1.2181","1.2156","1.2224","1.2084","","0.29%"
"12/19/2022","1.2146","1.2150","1.2243","1.2119","","0.05%"
"12/16/2022","1.2140","1.2178","1.2225","1.2119","","-0.30%"
"12/15/2022","1.2176","1.2426","1.2433","1.2155","","-1.97%"
"12/14/2022","1.2421","1.2359","1.2448","1.2341","","0.54%"
"12/13/2022","1.2354","1.2274","1.2445","1.2247","","0.68%"
"12/12/2022","1.2270","1.2249","1.2300","1.2210","","0.12%"
"12/09/2022","1.2255","1.2234","1.2324","1.2206","","0.18%"
"12/08/2022","1.2233","1.2202","1.2249","1.2154","","0.28%"
"12/07/2022","1.2199","1.2136","1.2236","1.2105","","0.51%"
"12/06/2022","1.2137","1.2185","1.2270","1.2126","","-0.42%"
"12/05/2022","1.2188","1.2266","1.2346","1.2161","","-0.81%"
"12/02/2022","1.2287","1.2254","1.2301","1.2134","","0.28%"
"12/01/2022","1.2253","1.2056","1.2312","1.2053","","1.63%"
"11/30/2022","1.2056","1.1951","1.2089","1.1899","","0.86%"
"11/29/2022","1.1953","1.1954","1.2066","1.1944","","-0.04%"
"11/28/2022","1.1958","1.2078","1.2119","1.1939","","-1.12%"
"11/25/2022","1.2093","1.2112","1.2129","1.2057","","-0.14%"
"11/24/2022","1.2110","1.2054","1.2155","1.2047","","0.48%"
"11/23/2022","1.2052","1.1885","1.2082","1.1871","","1.42%"
"11/22/2022","1.1883","1.1825","1.1904","1.1817","","0.52%"
"11/21/2022","1.1821","1.1889","1.1903","1.1777","","-0.53%"
"11/18/2022","1.1884","1.1863","1.1952","1.1856","","0.19%"
"11/17/2022","1.1862","1.1914","1.1959","1.1762","","-0.39%"
"11/16/2022","1.1908","1.1866","1.1944","1.1831","","0.42%"
"11/15/2022","1.1858","1.1751","1.2027","1.1739","","0.90%"
"11/14/2022","1.1752","1.1805","1.1830","1.1709","","-0.70%"
"11/11/2022","1.1835","1.1716","1.1856","1.1646","","1.04%"
"11/10/2022","1.1713","1.1358","1.1733","1.1351","","3.14%"
"11/09/2022","1.1356","1.1543","1.1568","1.1333","","-1.56%"
"11/08/2022","1.1536","1.1513","1.1601","1.1429","","0.22%"
"11/07/2022","1.1511","1.1304","1.1543","1.1289","","1.20%"
"11/04/2022","1.1375","1.1166","1.1383","1.1148","","1.88%"
"11/03/2022","1.1165","1.1396","1.1423","1.1150","","-1.97%"
"11/02/2022","1.1389","1.1486","1.1566","1.1387","","-0.82%"
"11/01/2022","1.1483","1.1471","1.1567","1.1436","","0.12%"
"10/31/2022","1.1469","1.1609","1.1615","1.1458","","-1.21%"
"10/28/2022","1.1610","1.1563","1.1624","1.1503","","0.40%"
"10/27/2022","1.1564","1.1618","1.1647","1.1549","","-0.54%"
"10/26/2022","1.1627","1.1476","1.1640","1.1430","","1.40%"
"10/25/2022","1.1467","1.1281","1.1501","1.1270","","1.70%"
"10/24/2022","1.1275","1.1358","1.1410","1.1257","","-0.24%"
"10/21/2022","1.1302","1.1243","1.1316","1.1059","","0.61%"
"10/20/2022","1.1233","1.1223","1.1337","1.1171","","0.17%"
"10/19/2022","1.1214","1.1320","1.1359","1.1184","","-0.92%"
"10/18/2022","1.1318","1.1355","1.1411","1.1255","","-0.31%"
"10/17/2022","1.1353","1.1177","1.1441","1.1177","","1.64%"
"10/14/2022","1.1170","1.1330","1.1366","1.1151","","-1.40%"
"10/13/2022","1.1329","1.1106","1.1381","1.1056","","2.04%"
"10/12/2022","1.1103","1.0968","1.1135","1.0924","","1.28%"
"10/11/2022","1.0963","1.1058","1.1181","1.0952","","-0.83%"
"10/10/2022","1.1055","1.1084","1.1113","1.1019","","-0.26%"
"10/07/2022","1.1084","1.1163","1.1227","1.1055","","-0.66%"
"10/06/2022","1.1158","1.1328","1.1385","1.1114","","-1.48%"
"10/05/2022","1.1326","1.1476","1.1496","1.1226","","-1.28%"
"10/04/2022","1.1473","1.1325","1.1490","1.1280","","1.33%"
"10/03/2022","1.1322","1.1161","1.1336","1.1085","","1.45%"
"09/30/2022","1.1160","1.1115","1.1236","1.1023","","0.40%"
"09/29/2022","1.1115","1.0886","1.1121","1.0761","","2.08%"
"09/28/2022","1.0888","1.0733","1.0917","1.0539","","1.46%"
"09/27/2022","1.0731","1.0690","1.0840","1.0653","","0.44%"
"09/26/2022","1.0684","1.0858","1.0933","1.0384","","-1.58%"
"09/23/2022","1.0856","1.1256","1.1275","1.0838","","-3.56%"
"09/22/2022","1.1257","1.1269","1.1366","1.1212","","-0.08%"
"09/21/2022","1.1266","1.1376","1.1386","1.1237","","-0.99%"
"09/20/2022","1.1379","1.1434","1.1462","1.1356","","-0.44%"
"09/19/2022","1.1429","1.1417","1.1444","1.1354","","0.15%"
"09/16/2022","1.1412","1.1467","1.1482","1.1350","","-0.44%"
"09/15/2022","1.1463","1.1545","1.1551","1.1460","","-0.62%"
"09/14/2022","1.1535","1.1493","1.1591","1.1479","","0.38%"
"09/13/2022","1.1491","1.1692","1.1740","1.1491","","-1.61%"
"09/12/2022","1.1679","1.1596","1.1712","1.1595","","0.79%"
"09/09/2022","1.1587","1.1504","1.1649","1.1496","","0.76%"
"09/08/2022","1.1500","1.1528","1.1563","1.1459","","-0.22%"
"09/07/2022","1.1525","1.1521","1.1541","1.1405","","0.08%"
"09/06/2022","1.1516","1.1517","1.1610","1.1493","","0.03%"
"09/05/2022","1.1513","1.1518","1.1523","1.1443","","0.05%"
"09/02/2022","1.1507","1.1544","1.1590","1.1495","","-0.30%"
"09/01/2022","1.1542","1.1623","1.1627","1.1499","","-0.69%"
"08/31/2022","1.1622","1.1649","1.1695","1.1598","","-0.28%"
"08/30/2022","1.1655","1.1710","1.1762","1.1621","","-0.44%"
"08/29/2022","1.1707","1.1749","1.1754","1.1647","","-0.34%"
"08/26/2022","1.1747","1.1832","1.1902","1.1732","","-0.69%"
"08/25/2022","1.1829","1.1802","1.1866","1.1783","","0.27%"
"08/24/2022","1.1797","1.1841","1.1842","1.1755","","-0.29%"
"08/23/2022","1.1831","1.1777","1.1878","1.1717","","0.56%"
"08/22/2022","1.1765","1.1824","1.1839","1.1741","","-0.52%"
"08/19/2022","1.1827","1.1930","1.1942","1.1791","","-0.86%"
"08/18/2022","1.1930","1.2048","1.2081","1.1922","","-0.97%"
"08/17/2022","1.2047","1.2095","1.2143","1.2027","","-0.38%"
"08/16/2022","1.2093","1.2056","1.2119","1.2007","","0.32%"
"08/15/2022","1.2054","1.2133","1.2149","1.2049","","-0.63%"
"08/12/2022","1.2130","1.2209","1.2217","1.2099","","-0.67%"
"08/11/2022","1.2212","1.2228","1.2251","1.2181","","-0.11%"
"08/10/2022","1.2225","1.2077","1.2278","1.2064","","1.20%"
"08/09/2022","1.2080","1.2081","1.2132","1.2062","","0.03%"
"08/08/2022","1.2076","1.2072","1.2139","1.2046","","0.04%"
"08/05/2022","1.2071","1.2160","1.2170","1.2003","","-0.71%"
"08/04/2022","1.2157","1.2144","1.2200","1.2065","","0.12%"
"08/03/2022","1.2143","1.2178","1.2209","1.2099","","-0.24%"
"08/02/2022","1.2172","1.2246","1.2280","1.2157","","-0.62%"
"08/01/2022","1.2248","1.2165","1.2294","1.2155","","0.67%"
"07/29/2022","1.2166","1.2173","1.2247","1.2062","","-0.02%"
"07/28/2022","1.2169","1.2148","1.2193","1.2102","","0.15%"
"07/27/2022","1.2151","1.2030","1.2188","1.2019","","1.05%"
"07/26/2022","1.2025","1.2043","1.2092","1.1963","","-0.14%"
"07/25/2022","1.2042","1.2004","1.2087","1.1959","","0.33%"
"07/22/2022","1.2002","1.1995","1.2065","1.1916","","0.08%"
"07/21/2022","1.1993","1.1967","1.2005","1.1889","","0.20%"
"07/20/2022","1.1969","1.1990","1.2039","1.1953","","-0.22%"
"07/19/2022","1.1995","1.1954","1.2047","1.1924","","0.34%"
"07/18/2022","1.1954","1.1877","1.2035","1.1861","","0.86%"
"07/15/2022","1.1852","1.1823","1.1876","1.1804","","0.25%"
"07/14/2022","1.1822","1.1891","1.1897","1.1759","","-0.56%"
"07/13/2022","1.1889","1.1887","1.1968","1.1826","","0.03%"
"07/12/2022","1.1885","1.1886","1.1918","1.1806","","-0.03%"
"07/11/2022","1.1889","1.2029","1.2041","1.1865","","-1.15%"
"07/08/2022","1.2027","1.2025","1.2057","1.1918","","0.05%"
"07/07/2022","1.2021","1.1924","1.2031","1.1908","","0.76%"
"07/06/2022","1.1930","1.1959","1.1991","1.1875","","-0.23%"
"07/05/2022","1.1957","1.2108","1.2127","1.1898","","-1.22%"
"07/04/2022","1.2105","1.2105","1.2167","1.2083","","0.09%"
"07/01/2022","1.2094","1.2177","1.2183","1.1975","","-0.67%"
"06/30/2022","1.2175","1.2127","1.2190","1.2091","","0.41%"
"06/29/2022","1.2125","1.2183","1.2214","1.2105","","-0.47%"
"06/28/2022","1.2182","1.2265","1.2292","1.2179","","-0.67%"
"06/27/2022","1.2264","1.2264","1.2334","1.2237","","0.02%"
"06/24/2022","1.2262","1.2260","1.2321","1.2240","","0.02%"
"06/23/2022","1.2260","1.2269","1.2296","1.2169","","-0.05%"
"06/22/2022","1.2266","1.2276","1.2316","1.2161","","-0.05%"
"06/21/2022","1.2272","1.2257","1.2326","1.2241","","0.18%"
"06/20/2022","1.2250","1.2225","1.2282","1.2198","","0.21%"
"06/17/2022","1.2224","1.2354","1.2371","1.2172","","-1.03%"
"06/16/2022","1.2351","1.2185","1.2408","1.2040","","1.42%"
"06/15/2022","1.2178","1.1995","1.2206","1.1985","","1.54%"
"06/14/2022","1.1993","1.2130","1.2208","1.1933","","-1.16%"
"06/13/2022","1.2134","1.2327","1.2328","1.2106","","-1.46%"
"06/10/2022","1.2314","1.2495","1.2519","1.2300","","-1.41%"
"06/09/2022","1.2490","1.2541","1.2559","1.2486","","-0.39%"
"06/08/2022","1.2539","1.2593","1.2599","1.2512","","-0.39%"
"06/07/2022","1.2588","1.2532","1.2601","1.2429","","0.46%"
"06/06/2022","1.2530","1.2495","1.2579","1.2476","","0.36%"
"06/03/2022","1.2485","1.2579","1.2591","1.2484","","-0.72%"
"06/02/2022","1.2576","1.2485","1.2588","1.2468","","0.75%"
"06/01/2022","1.2482","1.2604","1.2618","1.2458","","-0.94%"
"05/31/2022","1.2600","1.2654","1.2657","1.2559","","-0.40%"
"05/30/2022","1.2650","1.2617","1.2661","1.2613","","0.27%"
"05/27/2022","1.2616","1.2599","1.2667","1.2585","","0.17%"
"05/26/2022","1.2594","1.2566","1.2622","1.2550","","0.24%"
"05/25/2022","1.2564","1.2531","1.2592","1.2480","","0.28%"
"05/24/2022","1.2529","1.2589","1.2600","1.2471","","-0.47%"
"05/23/2022","1.2588","1.2479","1.2602","1.2476","","0.81%"
"05/20/2022","1.2487","1.2464","1.2501","1.2437","","0.22%"
"05/19/2022","1.2460","1.2338","1.2526","1.2336","","0.99%"
"05/18/2022","1.2338","1.2493","1.2502","1.2329","","-1.22%"
"05/17/2022","1.2490","1.2317","1.2500","1.2316","","1.40%"
"05/16/2022","1.2317","1.2236","1.2331","1.2217","","0.46%"
"05/13/2022","1.2261","1.2200","1.2267","1.2155","","0.51%"
"05/12/2022","1.2199","1.2261","1.2262","1.2165","","-0.42%"
"05/11/2022","1.2250","1.2325","1.2401","1.2236","","-0.58%"
"05/10/2022","1.2322","1.2332","1.2377","1.2291","","-0.07%"
"05/09/2022","1.2331","1.2339","1.2407","1.2260","","-0.05%"
"05/06/2022","1.2337","1.2364","1.2382","1.2275","","-0.22%"
"05/05/2022","1.2364","1.2623","1.2637","1.2324","","-2.04%"
"05/04/2022","1.2621","1.2501","1.2640","1.2451","","0.98%"
"05/03/2022","1.2498","1.2493","1.2569","1.2470","","0.06%"
"05/02/2022","1.2491","1.2587","1.2599","1.2472","","-0.64%"
"04/29/2022","1.2571","1.2457","1.2616","1.2449","","0.92%"
"04/28/2022","1.2456","1.2555","1.2572","1.2410","","-0.73%"
"04/27/2022","1.2548","1.2575","1.2603","1.2501","","-0.19%"
"04/26/2022","1.2572","1.2742","1.2774","1.2570","","-1.32%"
"04/25/2022","1.2740","1.2861","1.2862","1.2696","","-0.76%"
"04/22/2022","1.2837","1.3032","1.3037","1.2822","","-1.47%"
"04/21/2022","1.3028","1.3068","1.3091","1.3022","","-0.29%"
"04/20/2022","1.3066","1.2998","1.3072","1.2992","","0.54%"
"04/19/2022","1.2996","1.3017","1.3042","1.2979","","-0.09%"
"04/18/2022","1.3008","1.3060","1.3066","1.3004","","-0.38%"
"04/15/2022","1.3058","1.3067","1.3081","1.3047","","-0.05%"
"04/14/2022","1.3065","1.3116","1.3149","1.3032","","-0.38%"
"04/13/2022","1.3115","1.2998","1.3119","1.2972","","0.91%"
"04/12/2022","1.2997","1.3032","1.3054","1.2994","","-0.25%"
"04/11/2022","1.3029","1.3043","1.3058","1.2989","","-0.02%"
"04/08/2022","1.3031","1.3077","1.3087","1.2981","","-0.32%"
"04/07/2022","1.3073","1.3069","1.3108","1.3051","","0.04%"
"04/06/2022","1.3068","1.3083","1.3110","1.3044","","0.00%"
"04/05/2022","1.3068","1.3115","1.3168","1.3066","","-0.34%"
"04/04/2022","1.3113","1.3114","1.3139","1.3092","","0.01%"
"04/01/2022","1.3112","1.3136","1.3154","1.3085","","-0.16%"
"03/31/2022","1.3133","1.3132","1.3177","1.3105","","0.02%"
"03/30/2022","1.3131","1.3092","1.3184","1.3083","","0.36%"
"03/29/2022","1.3084","1.3086","1.3161","1.3050","","0.00%"
"03/28/2022","1.3084","1.3190","1.3191","1.3067","","-0.79%"
"03/25/2022","1.3188","1.3195","1.3226","1.3159","","0.04%"
"03/24/2022","1.3183","1.3205","1.3216","1.3156","","-0.15%"
"03/23/2022","1.3203","1.3264","1.3300","1.3174","","-0.45%"
"03/22/2022","1.3263","1.3170","1.3275","1.3119","","0.74%"
"03/21/2022","1.3165","1.3182","1.3211","1.3125","","-0.11%"
"03/18/2022","1.3180","1.3149","1.3198","1.3110","","0.26%"
"03/17/2022","1.3146","1.3150","1.3213","1.3087","","0.01%"
"03/16/2022","1.3145","1.3042","1.3164","1.3031","","0.82%"
"03/15/2022","1.3038","1.3002","1.3090","1.2999","","0.29%"
"03/14/2022","1.3000","1.3038","1.3081","1.3000","","-0.28%"
"03/11/2022","1.3036","1.3087","1.3127","1.3026","","-0.36%"
"03/10/2022","1.3083","1.3176","1.3196","1.3080","","-0.73%"
"03/09/2022","1.3179","1.3103","1.3191","1.3087","","0.58%"
"03/08/2022","1.3103","1.3104","1.3146","1.3081","","0.01%"
"03/07/2022","1.3102","1.3227","1.3252","1.3101","","-0.93%"
"03/04/2022","1.3225","1.3346","1.3356","1.3201","","-0.91%"
"03/03/2022","1.3346","1.3406","1.3420","1.3316","","-0.43%"
"03/02/2022","1.3403","1.3325","1.3409","1.3270","","0.62%"
"03/01/2022","1.3321","1.3421","1.3439","1.3300","","-0.73%"
"02/28/2022","1.3419","1.3407","1.3434","1.3312","","0.10%"
"02/25/2022","1.3405","1.3378","1.3441","1.3365","","0.22%"
"02/24/2022","1.3375","1.3544","1.3551","1.3271","","-1.23%"
"02/23/2022","1.3542","1.3584","1.3622","1.3534","","-0.29%"
"02/22/2022","1.3582","1.3604","1.3606","1.3537","","-0.12%"
"02/21/2022","1.3598","1.3595","1.3640","1.3585","","0.06%"
"02/18/2022","1.3590","1.3614","1.3644","1.3572","","-0.18%"
"02/17/2022","1.3614","1.3586","1.3640","1.3555","","0.23%"
"02/16/2022","1.3583","1.3536","1.3602","1.3527","","0.37%"
"02/15/2022","1.3533","1.3525","1.3569","1.3485","","0.05%"
"02/14/2022","1.3526","1.3558","1.3574","1.3493","","-0.25%"
"02/11/2022","1.3560","1.3554","1.3611","1.3513","","0.04%"
"02/10/2022","1.3555","1.3534","1.3645","1.3522","","0.17%"
"02/09/2022","1.3532","1.3542","1.3591","1.3526","","-0.07%"
"02/08/2022","1.3541","1.3537","1.3565","1.3506","","0.05%"
"02/07/2022","1.3534","1.3530","1.3553","1.3489","","0.04%"
"02/04/2022","1.3529","1.3598","1.3616","1.3504","","-0.49%"
"02/03/2022","1.3595","1.3577","1.3629","1.3537","","0.13%"
"02/02/2022","1.3577","1.3516","1.3589","1.3515","","0.42%"
"02/01/2022","1.3520","1.3447","1.3530","1.3433","","0.56%"
"01/31/2022","1.3445","1.3399","1.3462","1.3386","","0.31%"
"01/28/2022","1.3404","1.3381","1.3434","1.3363","","0.14%"
"01/27/2022","1.3385","1.3465","1.3470","1.3357","","-0.56%"
"01/26/2022","1.3461","1.3493","1.3526","1.3443","","-0.26%"
"01/25/2022","1.3496","1.3487","1.3520","1.3435","","0.08%"
"01/24/2022","1.3485","1.3556","1.3566","1.3439","","-0.51%"
"01/21/2022","1.3554","1.3600","1.3604","1.3544","","-0.30%"
"01/20/2022","1.3595","1.3612","1.3663","1.3585","","-0.08%"
"01/19/2022","1.3606","1.3595","1.3650","1.3586","","0.09%"
"01/18/2022","1.3594","1.3647","1.3663","1.3572","","-0.37%"
"01/17/2022","1.3645","1.3675","1.3692","1.3636","","-0.20%"
"01/14/2022","1.3673","1.3707","1.3744","1.3652","","-0.23%"
"01/13/2022","1.3705","1.3700","1.3750","1.3699","","0.03%"
"01/12/2022","1.3701","1.3635","1.3715","1.3621","","0.48%"
"01/11/2022","1.3635","1.3576","1.3637","1.3561","","0.44%"
"01/10/2022","1.3575","1.3589","1.3605","1.3532","","-0.07%"
"01/07/2022","1.3585","1.3532","1.3598","1.3527","","0.42%"
"01/06/2022","1.3528","1.3556","1.3561","1.3489","","-0.19%"
"01/05/2022","1.3554","1.3534","1.3600","1.3521","","0.16%"
"01/04/2022","1.3532","1.3474","1.3558","1.3458","","0.45%"
"01/03/2022","1.3471","1.3531","1.3543","1.3431","","-0.43%"
"12/31/2021","1.3529","1.3496","1.3551","1.3465","","0.26%"
"12/30/2021","1.3494","1.3488","1.3522","1.3454","","0.06%"
"12/29/2021","1.3486","1.3436","1.3500","1.3408","","0.39%"
"12/28/2021","1.3434","1.3442","1.3463","1.3414","","-0.02%"
"12/27/2021","1.3437","1.3387","1.3446","1.3387","","0.39%"
"12/24/2021","1.3385","1.3410","1.3422","1.3384","","-0.14%"
"12/23/2021","1.3404","1.3354","1.3439","1.3341","","0.42%"
"12/22/2021","1.3348","1.3262","1.3364","1.3240","","0.63%"
"12/21/2021","1.3265","1.3207","1.3272","1.3197","","0.44%"
"12/20/2021","1.3207","1.3247","1.3247","1.3172","","-0.26%"
"12/17/2021","1.3242","1.3322","1.3341","1.3230","","-0.58%"
"12/16/2021","1.3319","1.3259","1.3376","1.3240","","0.42%"
"12/15/2021","1.3263","1.3240","1.3284","1.3171","","0.19%"
"12/14/2021","1.3238","1.3218","1.3257","1.3190","","0.17%"
"12/13/2021","1.3216","1.3237","1.3270","1.3206","","-0.40%"
"12/10/2021","1.3269","1.3220","1.3277","1.3187","","0.38%"
"12/09/2021","1.3219","1.3205","1.3224","1.3170","","0.08%"
"12/08/2021","1.3209","1.3243","1.3262","1.3167","","-0.25%"
"12/07/2021","1.3242","1.3265","1.3291","1.3209","","-0.17%"
"12/06/2021","1.3264","1.3245","1.3288","1.3218","","0.25%"
"12/03/2021","1.3231","1.3309","1.3312","1.3209","","-0.56%"
"12/02/2021","1.3306","1.3280","1.3335","1.3271","","0.22%"
"12/01/2021","1.3277","1.3299","1.3353","1.3261","","-0.14%"
"11/30/2021","1.3295","1.3314","1.3372","1.3195","","-0.12%"
"11/29/2021","1.3311","1.3342","1.3364","1.3286","","-0.22%"
"11/26/2021","1.3340","1.3320","1.3369","1.3278","","0.15%"
"11/25/2021","1.3320","1.3328","1.3355","1.3305","","-0.04%"
"11/24/2021","1.3325","1.3378","1.3391","1.3316","","-0.37%"
"11/23/2021","1.3374","1.3395","1.3411","1.3341","","-0.16%"
"11/22/2021","1.3396","1.3455","1.3460","1.3384","","-0.42%"
"11/19/2021","1.3452","1.3492","1.3511","1.3407","","-0.27%"
"11/18/2021","1.3488","1.3484","1.3515","1.3463","","0.06%"
"11/17/2021","1.3480","1.3431","1.3498","1.3396","","0.39%"
"11/16/2021","1.3427","1.3423","1.3474","1.3405","","0.07%"
"11/15/2021","1.3418","1.3423","1.3450","1.3403","","0.04%"
"11/12/2021","1.3413","1.3373","1.3427","1.3353","","0.31%"
"11/11/2021","1.3371","1.3405","1.3434","1.3358","","-0.22%"
"11/10/2021","1.3401","1.3558","1.3566","1.3400","","-1.13%"
"11/09/2021","1.3554","1.3563","1.3609","1.3523","","-0.05%"
"11/08/2021","1.3561","1.3498","1.3581","1.3449","","0.50%"
"11/05/2021","1.3494","1.3494","1.3510","1.3424","","-0.03%"
"11/04/2021","1.3498","1.3686","1.3699","1.3470","","-1.36%"
"11/03/2021","1.3684","1.3612","1.3693","1.3606","","0.51%"
"11/02/2021","1.3614","1.3665","1.3680","1.3605","","-0.42%"
"11/01/2021","1.3672","1.3683","1.3694","1.3642","","-0.14%"
"10/29/2021","1.3691","1.3791","1.3805","1.3668","","-0.70%"
"10/28/2021","1.3788","1.3749","1.3816","1.3721","","0.31%"
"10/27/2021","1.3746","1.3769","1.3782","1.3708","","-0.15%"
"10/26/2021","1.3766","1.3769","1.3830","1.3757","","-0.01%"
"10/25/2021","1.3768","1.3755","1.3793","1.3741","","0.12%"
"10/22/2021","1.3751","1.3792","1.3816","1.3736","","-0.29%"
"10/21/2021","1.3791","1.3824","1.3835","1.3776","","-0.24%"
"10/20/2021","1.3824","1.3797","1.3836","1.3742","","0.21%"
"10/19/2021","1.3795","1.3728","1.3835","1.3722","","0.51%"
"10/18/2021","1.3725","1.3751","1.3766","1.3708","","-0.17%"
"10/15/2021","1.3749","1.3673","1.3774","1.3667","","0.56%"
"10/14/2021","1.3673","1.3657","1.3736","1.3654","","0.10%"
"10/13/2021","1.3659","1.3588","1.3665","1.3576","","0.54%"
"10/12/2021","1.3585","1.3599","1.3638","1.3569","","-0.07%"
"10/11/2021","1.3595","1.3613","1.3675","1.3584","","-0.12%"
"10/08/2021","1.3611","1.3618","1.3657","1.3583","","-0.04%"
"10/07/2021","1.3617","1.3578","1.3640","1.3570","","0.27%"
"10/06/2021","1.3580","1.3632","1.3637","1.3543","","-0.36%"
"10/05/2021","1.3629","1.3615","1.3649","1.3584","","0.12%"
"10/04/2021","1.3613","1.3548","1.3641","1.3532","","0.50%"